Account Name,AccountID,Amdocs Fiscal Month,Country Name,CountryID,Org3,OrgID,Portfolio,PortfolioID,Release Name,ReleaseID,ReleaseProbability,Release Status,ReleaseStatusID,Actual,Demand,UnitDemand,DemandAVG
TRUE MOVE(797),62,2017/03,INDIA,18,CSU APAC,1,APAC,1,V763.5,352,0,Completed,1,0,2,2,2
TRUE MOVE(797),62,2017/03,CHILE,8,CSU APAC,1,APAC,1,Migretion,185,0,Completed,1,0,0,0,0
TRUE MOVE(797),62,2017/03,INDIA,18,CSU APAC,1,APAC,1,Migretion,185,0,Completed,1,2.35,4,7.3,5.65
TRUE MOVE(797),62,2017/04,INDIA,18,CSU APAC,1,APAC,1,Migretion,185,0,Completed,1,0.01,0,7.3,3.65
TRUE MOVE(797),62,2017/05,INDIA,18,CSU APAC,1,APAC,1,Migretion,185,0,Completed,1,0,0,7.3,3.65
TRUE MOVE(797),62,2017/06,INDIA,18,CSU APAC,1,APAC,1,Migretion,185,0,Completed,1,0,0,7.3,3.65
TRUE MOVE(797),62,2017/07,INDIA,18,CSU APAC,1,APAC,1,Migretion,185,0,Completed,1,0,0,7.3,3.65
TRUE MOVE(797),62,2017/08,INDIA,18,CSU APAC,1,APAC,1,Migretion,185,0,Completed,1,0,0,7.3,3.65
TRUE MOVE(797),62,2017/09,INDIA,18,CSU APAC,1,APAC,1,Migretion,185,0,Completed,1,0,0,7.3,3.65
TRUE MOVE(797),62,2017/10,INDIA,18,CSU APAC,1,APAC,1,Migretion,185,0,Completed,1,0,0,7.3,3.65
TRUE MOVE(797),62,2017/11,INDIA,18,CSU APAC,1,APAC,1,Migretion,185,0,Completed,1,0,0,7.3,3.65
TRUE MOVE(797),62,2017/12,INDIA,18,CSU APAC,1,APAC,1,Migretion,185,0,Completed,1,0,0,7.3,3.65
TRUE MOVE(797),62,2017/03,ISRAEL,21,CSU APAC,1,APAC,1,Migretion,185,0,Completed,1,3.03,0,0,0
TRUE MOVE(797),62,2017/04,ISRAEL,21,CSU APAC,1,APAC,1,Migretion,185,0,Completed,1,0.06,0,0,0
TRUE MOVE(797),62,2017/05,ISRAEL,21,CSU APAC,1,APAC,1,Migretion,185,0,Completed,1,0,0,0,0
TRUE MOVE(797),62,2017/06,ISRAEL,21,CSU APAC,1,APAC,1,Migretion,185,0,Completed,1,0,0,0,0
TRUE MOVE(797),62,2017/03,INDIA,18,DCC BC&S-CC,10,APAC,1,Migretion,185,0,Completed,1,6.54,9,9,9
TRUE MOVE(797),62,2017/04,INDIA,18,DCC BC&S-CC,10,APAC,1,Migretion,185,0,Completed,1,0,0,5.5,2.75
TRUE MOVE(797),62,2017/05,INDIA,18,DCC BC&S-CC,10,APAC,1,Migretion,185,0,Completed,1,0,0,5.5,2.75
TRUE MOVE(797),62,2017/06,INDIA,18,DCC BC&S-CC,10,APAC,1,Migretion,185,0,Completed,1,0,0,5.5,2.75
TRUE MOVE(797),62,2017/07,INDIA,18,DCC BC&S-CC,10,APAC,1,Migretion,185,0,Completed,1,0,0,5.5,2.75
TRUE MOVE(797),62,2017/08,INDIA,18,DCC BC&S-CC,10,APAC,1,Migretion,185,0,Completed,1,0,0,5.5,2.75
TRUE MOVE(797),62,2017/09,INDIA,18,DCC BC&S-CC,10,APAC,1,Migretion,185,0,Completed,1,0,0,5.5,2.75
TRUE MOVE(797),62,2017/10,INDIA,18,DCC BC&S-CC,10,APAC,1,Migretion,185,0,Completed,1,0,0,5.67,2.835
TRUE MOVE(797),62,2017/11,INDIA,18,DCC BC&S-CC,10,APAC,1,Migretion,185,0,Completed,1,0,0,5.67,2.835
TRUE MOVE(797),62,2017/12,INDIA,18,DCC BC&S-CC,10,APAC,1,Migretion,185,0,Completed,1,0,0,5.67,2.835
TRUE MOVE(797),62,2017/03,ISRAEL,21,DCC BC&S-CC,10,APAC,1,Migretion,185,0,Completed,1,2.76,0,0,0
TRUE MOVE(797),62,2017/04,ISRAEL,21,DCC BC&S-CC,10,APAC,1,Migretion,185,0,Completed,1,0,0,0,0
TRUE MOVE(797),62,2017/03,ISRAEL,21,DCC RM-CC,18,APAC,1,V763.5,352,0,Completed,1,0,0,0,0
TRUE MOVE(797),62,2017/03,INDIA,18,DCC RM-CC,18,APAC,1,Migretion,185,0,Completed,1,4,13,13,13
TRUE MOVE(797),62,2017/04,INDIA,18,DCC RM-CC,18,APAC,1,Migretion,185,0,Completed,1,0,0,10,5
TRUE MOVE(797),62,2017/05,INDIA,18,DCC RM-CC,18,APAC,1,Migretion,185,0,Completed,1,0,0,10,5
TRUE MOVE(797),62,2017/06,INDIA,18,DCC RM-CC,18,APAC,1,Migretion,185,0,Completed,1,0,0,10,5
TRUE MOVE(797),62,2017/07,INDIA,18,DCC RM-CC,18,APAC,1,Migretion,185,0,Completed,1,0,0,10,5
TRUE MOVE(797),62,2017/08,INDIA,18,DCC RM-CC,18,APAC,1,Migretion,185,0,Completed,1,0,0,10,5
TRUE MOVE(797),62,2017/09,INDIA,18,DCC RM-CC,18,APAC,1,Migretion,185,0,Completed,1,0,0,10,5
TRUE MOVE(797),62,2017/10,INDIA,18,DCC RM-CC,18,APAC,1,Migretion,185,0,Completed,1,0,0,10.3,5.15
TRUE MOVE(797),62,2017/11,INDIA,18,DCC RM-CC,18,APAC,1,Migretion,185,0,Completed,1,0,0,10.3,5.15
TRUE MOVE(797),62,2017/12,INDIA,18,DCC RM-CC,18,APAC,1,Migretion,185,0,Completed,1,0,0,10.3,5.15
TRUE MOVE(797),62,2017/03,INDIA,18,Program MNG CC,21,APAC,1,Migretion,185,0,Completed,1,0,1,0,0.5
XL AXIATA(1142),77,2017/03,INDIA,18,CSU APAC,1,APAC,1,CRM Lite,84,0,Completed,1,0,0,0,0
XL AXIATA(1142),77,2017/03,INDIA,18,CSU APAC,1,APAC,1,CR#389 - RPL Diameter,81,0,Completed,1,0,0,1,0.5
XL AXIATA(1142),77,2017/04,INDIA,18,CSU APAC,1,APAC,1,CRM Lite,84,0,Completed,1,0,0,0,0
XL AXIATA(1142),77,2017/04,INDIA,18,CSU APAC,1,APAC,1,CR#389 - RPL Diameter,81,0,Completed,1,0,0,1,0.5
XL AXIATA(1142),77,2017/03,INDIA,18,DCC RM-CC,18,APAC,1,CRM Lite,84,0,Completed,1,0,0,0,0
XL AXIATA(1142),77,2017/04,INDIA,18,DCC RM-CC,18,APAC,1,CRM Lite,84,0,Completed,1,0,0,0,0
FET(1445),24,2017/03,INDIA,18,CSU APAC,1,APAC,1,Phase3,258,0,Completed,1,0,1.99,3.38,2.685
FET(1445),24,2017/03,ISRAEL,21,CSU APAC,1,APAC,1,Phase3,258,0,Completed,1,0,0.01,0.02,0.015
FET(1445),24,2017/03,INDIA,18,DCC BC&S-CC,10,APAC,1,Phase3,258,0,Completed,1,0,3.39,1.95,2.67
FET(1445),24,2017/03,ISRAEL,21,DCC BC&S-CC,10,APAC,1,Phase3,258,0,Completed,1,0,0.11,0.05,0.08
FET(1445),24,2017/03,CHINA,9,DCC EDIT-CC,14,APAC,1,Phase3,258,0,Completed,1,0,0.06,0,0.03
FET(1445),24,2017/03,INDIA,18,DCC EDIT-CC,14,APAC,1,Phase3,258,0,Completed,1,0,1.42,0,0.71
FET(1445),24,2017/03,ISRAEL,21,DCC EDIT-CC,14,APAC,1,Phase3,258,0,Completed,1,0,0.02,0,0.01
FET(1445),24,2017/03,CHINA,9,DCC RM-CC,18,APAC,1,Phase3,258,0,Completed,1,0,2.91,1.21,2.06
FET(1445),24,2017/03,INDIA,18,DCC RM-CC,18,APAC,1,Phase3,258,0,Completed,1,0,10.02,4.76,7.39
FET(1445),24,2017/03,ISRAEL,21,DCC RM-CC,18,APAC,1,Phase3,258,0,Completed,1,0,0.07,0.03,0.05
FET(1445),24,2017/03,INDIA,18,Program MNG CC,21,APAC,1,Phase3,258,0,Completed,1,0,0.27,0,0.135
FET(1445),24,2017/03,ISRAEL,21,Program MNG CC,21,APAC,1,Phase3,258,0,Completed,1,0,0.23,0,0.115
GLOBE(E951),25,2017/03,INDIA,18,DCC CSS-CC,12,APAC,1,OMNI,231,0,Completed,1,0,0,1.7,0.85
GLOBE(E951),25,2017/04,INDIA,18,DCC CSS-CC,12,APAC,1,OMNI,231,0,Completed,1,0,0,1.7,0.85
GLOBE(E951),25,2017/03,ISRAEL,21,DCC CSS-CC,12,APAC,1,OMNI,231,0,Completed,1,0,0,0.3,0.15
GLOBE(E951),25,2017/04,ISRAEL,21,DCC CSS-CC,12,APAC,1,OMNI,231,0,Completed,1,0,0,0.3,0.15
AT&T ENTERPRISE(5002),6,2017/05,zzzz,44,CSU AT&T,2,AT&T,2,CSI 1702,88,0,Completed,1,0,0,6,3
AT&T ENTERPRISE(5002),6,2017/06,zzzz,44,CSU AT&T,2,AT&T,2,CSI 1702,88,0,Completed,1,0,0,6,3
AT&T ENTERPRISE(5002),6,2017/07,zzzz,44,CSU AT&T,2,AT&T,2,CSI 1702,88,0,Completed,1,0,0,6,3
AT&T ENTERPRISE(5002),6,2017/08,zzzz,44,CSU AT&T,2,AT&T,2,CSI 1702,88,0,Completed,1,0,0,6,3
AT&T ENTERPRISE(5002),6,2017/09,zzzz,44,CSU AT&T,2,AT&T,2,CSI 1702,88,0,Completed,1,0,0,6,3
AT&T ENTERPRISE(5002),6,2017/10,zzzz,44,CSU AT&T,2,AT&T,2,CSI 1702,88,0,Completed,1,0,0,6,3
AT&T ENTERPRISE(5002),6,2017/11,zzzz,44,CSU AT&T,2,AT&T,2,CSI 1702,88,0,Completed,1,0,0,6,3
AT&T ENTERPRISE(5002),6,2017/12,zzzz,44,CSU AT&T,2,AT&T,2,CSI 1702,88,0,Completed,1,0,0,6,3
AT&T ENTERPRISE(5002),6,2017/03,INDIA,18,CSU AT&T,2,AT&T,2,CSI 1702,88,0,Completed,1,0,0,20.3,10.15
AT&T ENTERPRISE(5002),6,2017/04,INDIA,18,CSU AT&T,2,AT&T,2,CSI 1702,88,0,Completed,1,0,0,20.3,10.15
AT&T ENTERPRISE(5002),6,2017/05,INDIA,18,CSU AT&T,2,AT&T,2,CSI 1702,88,0,Completed,1,0,0,10.65,5.325
AT&T ENTERPRISE(5002),6,2017/06,INDIA,18,CSU AT&T,2,AT&T,2,CSI 1702,88,0,Completed,1,0,0,10.65,5.325
AT&T ENTERPRISE(5002),6,2017/07,INDIA,18,CSU AT&T,2,AT&T,2,CSI 1702,88,0,Completed,1,0,0,10.65,5.325
AT&T ENTERPRISE(5002),6,2017/08,INDIA,18,CSU AT&T,2,AT&T,2,CSI 1702,88,0,Completed,1,0,0,10.65,5.325
AT&T ENTERPRISE(5002),6,2017/09,INDIA,18,CSU AT&T,2,AT&T,2,CSI 1702,88,0,Completed,1,0,0,10.65,5.325
AT&T ENTERPRISE(5002),6,2017/10,INDIA,18,CSU AT&T,2,AT&T,2,CSI 1702,88,0,Completed,1,0,0,10.65,5.325
AT&T ENTERPRISE(5002),6,2017/11,INDIA,18,CSU AT&T,2,AT&T,2,CSI 1702,88,0,Completed,1,0,0,10.65,5.325
AT&T ENTERPRISE(5002),6,2017/12,INDIA,18,CSU AT&T,2,AT&T,2,CSI 1702,88,0,Completed,1,0,0,10.65,5.325
AT&T ENTERPRISE(5002),6,2017/03,ISRAEL,21,DCC BC&S-CC,10,AT&T,2,OCX 1702,221,0,Completed,1,0,0,0,0
AT&T ENTERPRISE(5002),6,2017/03,INDIA,18,DCC OM - CC,15,AT&T,2,OCX 1702,221,0,Completed,1,0,0.71,0.71,0.71
AT&T ENTERPRISE(5002),6,2017/06,INDIA,18,DCC OM - CC,15,AT&T,2,OCX 1602,220,0,Completed,1,0,0,1.66,0.83
AT&T ENTERPRISE(5002),6,2017/03,ISRAEL,21,DCC OM - CC,15,AT&T,2,OCX 1702,221,0,Completed,1,0,-0.31,-0.31,-0.31
AT&T ENTERPRISE(5002),6,2017/06,ISRAEL,21,DCC OM - CC,15,AT&T,2,OCX 1602,220,0,Completed,1,0,0,2.34,1.17
AT&T ENTERPRISE(5002),6,2017/03,USA,43,DCC OM - CC,15,AT&T,2,Halo Non DOX APPs 1702,141,0,Completed,1,0.7,0,0,0
AT&T ENTERPRISE(5002),6,2017/04,USA,43,DCC OM - CC,15,AT&T,2,Halo Non DOX APPs 1702,141,0,Completed,1,0,0,0,0
AT&T ENTERPRISE(5002),6,2017/03,INDIA,18,DCC OSS-CC,16,AT&T,2,Halo OMX 1702,146,0,Completed,1,2,1.64,1.64,1.64
AT&T ENTERPRISE(5002),6,2017/04,INDIA,18,DCC OSS-CC,16,AT&T,2,Halo OMX 1702,146,0,Completed,1,2,0.82,0.82,0.82
AT&T ENTERPRISE(5002),6,2017/05,INDIA,18,DCC OSS-CC,16,AT&T,2,Halo OMX 1702,146,0,Completed,1,0,0,0.72,0.36
AT&T ENTERPRISE(5002),6,2017/06,INDIA,18,DCC OSS-CC,16,AT&T,2,Halo OMX 1702,146,0,Completed,1,0,0,0,0
AT&T ENTERPRISE(5002),6,2017/03,MEXICO,26,DCC OSS-CC,16,AT&T,2,Halo OMX 1702,146,0,Completed,1,3,2.96,2.96,2.96
AT&T ENTERPRISE(5002),6,2017/04,MEXICO,26,DCC OSS-CC,16,AT&T,2,Halo OMX 1702,146,0,Completed,1,0,1.48,1.48,1.48
AT&T ENTERPRISE(5002),6,2017/05,MEXICO,26,DCC OSS-CC,16,AT&T,2,Halo OMX 1702,146,0,Completed,1,0,0,1.3,0.65
AT&T ENTERPRISE(5002),6,2017/05,INDIA,18,Program MNG CC,21,AT&T,2,CSI 1702,88,0,Completed,1,0,0,3.65,1.825
AT&T ENTERPRISE(5002),6,2017/06,INDIA,18,Program MNG CC,21,AT&T,2,CSI 1702,88,0,Completed,1,0,0,3.65,1.825
AT&T ENTERPRISE(5002),6,2017/07,INDIA,18,Program MNG CC,21,AT&T,2,CSI 1702,88,0,Completed,1,0,0,3.65,1.825
AT&T ENTERPRISE(5002),6,2017/08,INDIA,18,Program MNG CC,21,AT&T,2,CSI 1702,88,0,Completed,1,0,0,3.65,1.825
AT&T ENTERPRISE(5002),6,2017/09,INDIA,18,Program MNG CC,21,AT&T,2,CSI 1702,88,0,Completed,1,0,0,3.65,1.825
AT&T ENTERPRISE(5002),6,2017/10,INDIA,18,Program MNG CC,21,AT&T,2,CSI 1702,88,0,Completed,1,0,0,3.65,1.825
AT&T ENTERPRISE(5002),6,2017/11,INDIA,18,Program MNG CC,21,AT&T,2,CSI 1702,88,0,Completed,1,0,0,3.65,1.825
AT&T ENTERPRISE(5002),6,2017/12,INDIA,18,Program MNG CC,21,AT&T,2,CSI 1702,88,0,Completed,1,0,0,3.65,1.825
ATT OSS(C734),11,2017/03,INDIA,18,DCC OSS-CC,16,AT&T,2,OMX 1610,232,100,Completed,1,0,0,0,0
ATT OSS(C734),11,2017/03,INDIA,18,DCC OSS-CC,16,AT&T,2,BBNMS,33,100,Completed,1,5,0,0,0
ATT OSS(C734),11,2017/04,INDIA,18,DCC OSS-CC,16,AT&T,2,OMX 1610,232,100,Completed,1,0,0,0,0
ATT OSS(C734),11,2017/04,INDIA,18,DCC OSS-CC,16,AT&T,2,BBNMS,33,100,Completed,1,1.29,0,0,0
ATT OSS(C734),11,2017/05,INDIA,18,DCC OSS-CC,16,AT&T,2,BBNMS,33,100,Completed,1,0.47,0,0,0
ATT OSS(C734),11,2017/06,INDIA,18,DCC OSS-CC,16,AT&T,2,BBNMS,33,100,Completed,1,0,0,0,0
ATT OSS(C734),11,2017/03,INDIA,18,Program MNG CC,21,AT&T,2,OMX 1610,232,100,Completed,1,0,0.61,0,0.305
ATT OSS(C734),11,2017/03,ISRAEL,21,Program MNG CC,21,AT&T,2,OMX 1610,232,100,Completed,1,0,0.39,0,0.195
CLARO BRAZIL(103),17,2017/03,BRAZIL,5,CSU CALA,4,CALA,4,CLARO - Vs 531,65,0,Completed,1,0,0,0,0
CLARO BRAZIL(103),17,2017/04,BRAZIL,5,CSU CALA,4,CALA,4,CLARO - Vs 531,65,0,Completed,1,0,0,0,0
CLARO BRAZIL(103),17,2017/04,BRAZIL,5,CSU CALA,4,CALA,4,CLARO - Vs 525 - Mobile Upgrade,63,0,Completed,1,0,0,29.43,14.715
CLARO BRAZIL(103),17,2017/05,BRAZIL,5,CSU CALA,4,CALA,4,CLARO - Vs 525 - Mobile Upgrade,63,0,Completed,1,0,0,30.43,15.215
CLARO BRAZIL(103),17,2017/06,BRAZIL,5,CSU CALA,4,CALA,4,CLARO - Vs 525 - Mobile Upgrade,63,0,Completed,1,0,0,30.43,15.215
CLARO BRAZIL(103),17,2017/07,BRAZIL,5,CSU CALA,4,CALA,4,CLARO - Vs 525 - Mobile Upgrade,63,0,Completed,1,0,0,30.43,15.215
CLARO BRAZIL(103),17,2017/08,BRAZIL,5,CSU CALA,4,CALA,4,CLARO - Vs 525 - Mobile Upgrade,63,0,Completed,1,0,0,30.43,15.215
CLARO BRAZIL(103),17,2017/09,BRAZIL,5,CSU CALA,4,CALA,4,CLARO - Vs 525 - Mobile Upgrade,63,0,Completed,1,0,0,30.43,15.215
CLARO BRAZIL(103),17,2017/10,BRAZIL,5,CSU CALA,4,CALA,4,CLARO - Vs 525 - Mobile Upgrade,63,0,Completed,1,0,0,30.43,15.215
CLARO BRAZIL(103),17,2017/11,BRAZIL,5,CSU CALA,4,CALA,4,CLARO - Vs 525 - Mobile Upgrade,63,0,Completed,1,0,0,30.43,15.215
CLARO BRAZIL(103),17,2017/12,BRAZIL,5,CSU CALA,4,CALA,4,CLARO - Vs 525 - Mobile Upgrade,63,0,Completed,1,0,0,30.43,15.215
CLARO BRAZIL(103),17,2017/04,ISRAEL,21,CSU CALA,4,CALA,4,CLARO - Vs 525 - Mobile Upgrade,63,0,Completed,1,0,0,0.07,0.035
CLARO BRAZIL(103),17,2017/05,ISRAEL,21,CSU CALA,4,CALA,4,CLARO - Vs 525 - Mobile Upgrade,63,0,Completed,1,0,0,0.07,0.035
CLARO BRAZIL(103),17,2017/06,ISRAEL,21,CSU CALA,4,CALA,4,CLARO - Vs 525 - Mobile Upgrade,63,0,Completed,1,0,0,0.07,0.035
CLARO BRAZIL(103),17,2017/07,ISRAEL,21,CSU CALA,4,CALA,4,CLARO - Vs 525 - Mobile Upgrade,63,0,Completed,1,0,0,0.07,0.035
CLARO BRAZIL(103),17,2017/08,ISRAEL,21,CSU CALA,4,CALA,4,CLARO - Vs 525 - Mobile Upgrade,63,0,Completed,1,0,0,0.07,0.035
CLARO BRAZIL(103),17,2017/09,ISRAEL,21,CSU CALA,4,CALA,4,CLARO - Vs 525 - Mobile Upgrade,63,0,Completed,1,0,0,0.07,0.035
CLARO BRAZIL(103),17,2017/10,ISRAEL,21,CSU CALA,4,CALA,4,CLARO - Vs 525 - Mobile Upgrade,63,0,Completed,1,0,0,0.07,0.035
CLARO BRAZIL(103),17,2017/11,ISRAEL,21,CSU CALA,4,CALA,4,CLARO - Vs 525 - Mobile Upgrade,63,0,Completed,1,0,0,0.07,0.035
CLARO BRAZIL(103),17,2017/12,ISRAEL,21,CSU CALA,4,CALA,4,CLARO - Vs 525 - Mobile Upgrade,63,0,Completed,1,0,0,0.07,0.035
CLARO BRAZIL(103),17,2017/03,BRAZIL,5,DCC BC&S-CC,10,CALA,4,CLARO - Vs 531,65,0,Completed,1,0,0,0,0
CLARO BRAZIL(103),17,2017/03,BRAZIL,5,DCC OM - CC,15,CALA,4,CLARO - Vs 531,65,0,Completed,1,0,0,1,0.5
CLARO BRAZIL(103),17,2017/03,BRAZIL,5,DCC RM-CC,18,CALA,4,CLARO - Vs 531,65,0,Completed,1,0,0,0,0
NET BRAZIL(D376),36,2017/03,BRAZIL,5,CSU CALA,4,CALA,4,TCO,322,0,Completed,1,0,0.4,13.05,6.725
NET BRAZIL(D376),36,2017/03,BRAZIL,5,CSU CALA,4,CALA,4,NET V1.0.6 - Scoping Quad/Omni,207,0,Completed,1,0,5.67,0,2.835
NET BRAZIL(D376),36,2017/04,BRAZIL,5,CSU CALA,4,CALA,4,NET V1.0.3,202,0,Completed,1,0,0,11.04,5.52
NET BRAZIL(D376),36,2017/04,BRAZIL,5,CSU CALA,4,CALA,4,TCO,322,0,Completed,1,0,1.98,0,0.99
NET BRAZIL(D376),36,2017/04,BRAZIL,5,CSU CALA,4,CALA,4,NET V1.0.6 - Scoping Quad/Omni,207,0,Completed,1,0,3.9,0,1.95
NET BRAZIL(D376),36,2017/05,BRAZIL,5,CSU CALA,4,CALA,4,NET V1.0.3,202,0,Completed,1,0,0,12.57,6.285
NET BRAZIL(D376),36,2017/05,BRAZIL,5,CSU CALA,4,CALA,4,TCO,322,0,Completed,1,0,1.98,0,0.99
NET BRAZIL(D376),36,2017/05,BRAZIL,5,CSU CALA,4,CALA,4,NET V1.0.6 - Scoping Quad/Omni,207,0,Completed,1,0,3.4,0,1.7
NET BRAZIL(D376),36,2017/06,BRAZIL,5,CSU CALA,4,CALA,4,NET V1.0.3,202,0,Completed,1,0,0,12.57,6.285
NET BRAZIL(D376),36,2017/06,BRAZIL,5,CSU CALA,4,CALA,4,TCO,322,0,Completed,1,0,1.98,0,0.99
NET BRAZIL(D376),36,2017/07,BRAZIL,5,CSU CALA,4,CALA,4,NET V1.0.3,202,0,Completed,1,0,0,14.09,7.045
NET BRAZIL(D376),36,2017/07,BRAZIL,5,CSU CALA,4,CALA,4,TCO,322,0,Completed,1,0,1.98,0,0.99
NET BRAZIL(D376),36,2017/08,BRAZIL,5,CSU CALA,4,CALA,4,NET V1.0.3,202,0,Completed,1,0,0,14.09,7.045
NET BRAZIL(D376),36,2017/08,BRAZIL,5,CSU CALA,4,CALA,4,TCO,322,0,Completed,1,0,1.98,0,0.99
NET BRAZIL(D376),36,2017/09,BRAZIL,5,CSU CALA,4,CALA,4,NET V1.0.3,202,0,Completed,1,0,0,14.09,7.045
NET BRAZIL(D376),36,2017/09,BRAZIL,5,CSU CALA,4,CALA,4,TCO,322,0,Completed,1,0,1.98,0,0.99
NET BRAZIL(D376),36,2017/10,BRAZIL,5,CSU CALA,4,CALA,4,NET V1.0.3,202,0,Completed,1,0,0,14.09,7.045
NET BRAZIL(D376),36,2017/10,BRAZIL,5,CSU CALA,4,CALA,4,TCO,322,0,Completed,1,0,4.35,0,2.175
NET BRAZIL(D376),36,2017/11,BRAZIL,5,CSU CALA,4,CALA,4,NET V1.0.3,202,0,Completed,1,0,0,14.09,7.045
NET BRAZIL(D376),36,2017/11,BRAZIL,5,CSU CALA,4,CALA,4,TCO,322,0,Completed,1,0,4.35,0,2.175
NET BRAZIL(D376),36,2017/12,BRAZIL,5,CSU CALA,4,CALA,4,NET V1.0.3,202,0,Completed,1,0,0,14.09,7.045
NET BRAZIL(D376),36,2017/12,BRAZIL,5,CSU CALA,4,CALA,4,TCO,322,0,Completed,1,0,4.35,0,2.175
NET BRAZIL(D376),36,2017/03,INDIA,18,CSU CALA,4,CALA,4,NET V1.0.6 - Scoping Quad/Omni,207,0,Completed,1,0,0,0,0
NET BRAZIL(D376),36,2017/04,INDIA,18,CSU CALA,4,CALA,4,NET V1.0.3,202,0,Completed,1,0,0,3.46,1.73
NET BRAZIL(D376),36,2017/04,INDIA,18,CSU CALA,4,CALA,4,NET V1.0.6 - Scoping Quad/Omni,207,0,Completed,1,0,0,0,0
NET BRAZIL(D376),36,2017/05,INDIA,18,CSU CALA,4,CALA,4,NET V1.0.3,202,0,Completed,1,0,0,3.93,1.965
NET BRAZIL(D376),36,2017/05,INDIA,18,CSU CALA,4,CALA,4,NET V1.0.6 - Scoping Quad/Omni,207,0,Completed,1,0,0,0,0
NET BRAZIL(D376),36,2017/06,INDIA,18,CSU CALA,4,CALA,4,NET V1.0.3,202,0,Completed,1,0,0,3.93,1.965
NET BRAZIL(D376),36,2017/07,INDIA,18,CSU CALA,4,CALA,4,NET V1.0.3,202,0,Completed,1,0,0,4.41,2.205
NET BRAZIL(D376),36,2017/08,INDIA,18,CSU CALA,4,CALA,4,NET V1.0.3,202,0,Completed,1,0,0,4.41,2.205
NET BRAZIL(D376),36,2017/09,INDIA,18,CSU CALA,4,CALA,4,NET V1.0.3,202,0,Completed,1,0,0,4.41,2.205
NET BRAZIL(D376),36,2017/10,INDIA,18,CSU CALA,4,CALA,4,NET V1.0.3,202,0,Completed,1,0,0,4.41,2.205
NET BRAZIL(D376),36,2017/11,INDIA,18,CSU CALA,4,CALA,4,NET V1.0.3,202,0,Completed,1,0,0,4.41,2.205
NET BRAZIL(D376),36,2017/12,INDIA,18,CSU CALA,4,CALA,4,NET V1.0.3,202,0,Completed,1,0,0,4.41,2.205
NET BRAZIL(D376),36,2017/03,ISRAEL,21,CSU CALA,4,CALA,4,TCO,322,0,Completed,1,0,0.1,3.45,1.775
NET BRAZIL(D376),36,2017/03,ISRAEL,21,CSU CALA,4,CALA,4,NET V1.0.6 - Scoping Quad/Omni,207,0,Completed,1,0,2.33,0,1.165
NET BRAZIL(D376),36,2017/04,ISRAEL,21,CSU CALA,4,CALA,4,TCO,322,0,Completed,1,0,0.52,0,0.26
NET BRAZIL(D376),36,2017/04,ISRAEL,21,CSU CALA,4,CALA,4,NET V1.0.6 - Scoping Quad/Omni,207,0,Completed,1,0,1.6,0,0.8
NET BRAZIL(D376),36,2017/05,ISRAEL,21,CSU CALA,4,CALA,4,TCO,322,0,Completed,1,0,0.52,0,0.26
NET BRAZIL(D376),36,2017/05,ISRAEL,21,CSU CALA,4,CALA,4,NET V1.0.6 - Scoping Quad/Omni,207,0,Completed,1,0,1.4,0,0.7
NET BRAZIL(D376),36,2017/06,ISRAEL,21,CSU CALA,4,CALA,4,TCO,322,0,Completed,1,0,0.52,0,0.26
NET BRAZIL(D376),36,2017/07,ISRAEL,21,CSU CALA,4,CALA,4,TCO,322,0,Completed,1,0,0.52,0,0.26
NET BRAZIL(D376),36,2017/08,ISRAEL,21,CSU CALA,4,CALA,4,TCO,322,0,Completed,1,0,0.52,0,0.26
NET BRAZIL(D376),36,2017/09,ISRAEL,21,CSU CALA,4,CALA,4,TCO,322,0,Completed,1,0,0.52,0,0.26
NET BRAZIL(D376),36,2017/10,ISRAEL,21,CSU CALA,4,CALA,4,TCO,322,0,Completed,1,0,1.15,0,0.575
NET BRAZIL(D376),36,2017/11,ISRAEL,21,CSU CALA,4,CALA,4,TCO,322,0,Completed,1,0,1.15,0,0.575
NET BRAZIL(D376),36,2017/12,ISRAEL,21,CSU CALA,4,CALA,4,TCO,322,0,Completed,1,0,1.15,0,0.575
NET BRAZIL(D376),36,2017/03,BRAZIL,5,CSU CALA,4,CALA,4,Scoping BH CRs,302,0,Completed,1,0,0,0,0
NET BRAZIL(D376),36,2017/04,BRAZIL,5,CSU CALA,4,CALA,4,Scoping BH CRs,302,0,Completed,1,0,0,0,0
NET BRAZIL(D376),36,2017/03,BRAZIL,5,DCC BC&S-CC,10,CALA,4,TCO,322,0,Completed,1,0,2.37,2.37,2.37
NET BRAZIL(D376),36,2017/03,BRAZIL,5,DCC BC&S-CC,10,CALA,4,NET V1.0.6 - Scoping Quad/Omni,207,0,Completed,1,0,0.71,0.71,0.71
NET BRAZIL(D376),36,2017/04,BRAZIL,5,DCC BC&S-CC,10,CALA,4,TCO,322,0,Completed,1,0,0.79,0.79,0.79
NET BRAZIL(D376),36,2017/04,BRAZIL,5,DCC BC&S-CC,10,CALA,4,NET V1.0.6 - Scoping Quad/Omni,207,0,Completed,1,0,0.71,0.71,0.71
NET BRAZIL(D376),36,2017/05,BRAZIL,5,DCC BC&S-CC,10,CALA,4,NET V1.0.6 - Scoping Quad/Omni,207,0,Completed,1,0,0.71,0.71,0.71
NET BRAZIL(D376),36,2017/03,INDIA,18,DCC BC&S-CC,10,CALA,4,NET V1.0.6 - Scoping Quad/Omni,207,0,Completed,1,0,0,0,0
NET BRAZIL(D376),36,2017/04,INDIA,18,DCC BC&S-CC,10,CALA,4,NET V1.0.6 - Scoping Quad/Omni,207,0,Completed,1,0,0,0,0
NET BRAZIL(D376),36,2017/05,INDIA,18,DCC BC&S-CC,10,CALA,4,NET V1.0.6 - Scoping Quad/Omni,207,0,Completed,1,0,0,0,0
NET BRAZIL(D376),36,2017/03,ISRAEL,21,DCC BC&S-CC,10,CALA,4,TCO,322,0,Completed,1,0,0.63,0.63,0.63
NET BRAZIL(D376),36,2017/03,ISRAEL,21,DCC BC&S-CC,10,CALA,4,NET V1.0.6 - Scoping Quad/Omni,207,0,Completed,1,0,0.29,0.29,0.29
NET BRAZIL(D376),36,2017/04,ISRAEL,21,DCC BC&S-CC,10,CALA,4,TCO,322,0,Completed,1,0,0.21,0.21,0.21
NET BRAZIL(D376),36,2017/04,ISRAEL,21,DCC BC&S-CC,10,CALA,4,NET V1.0.6 - Scoping Quad/Omni,207,0,Completed,1,0,0.29,0.29,0.29
NET BRAZIL(D376),36,2017/05,ISRAEL,21,DCC BC&S-CC,10,CALA,4,NET V1.0.6 - Scoping Quad/Omni,207,0,Completed,1,0,0.29,0.29,0.29
NET BRAZIL(D376),36,2017/03,BRAZIL,5,DCC CSS-CC,12,CALA,4,TCO,322,0,Completed,1,0,3.01,3.01,3.01
NET BRAZIL(D376),36,2017/03,BRAZIL,5,DCC CSS-CC,12,CALA,4,NET V1.0.6 - Scoping Quad/Omni,207,0,Completed,1,0,1.42,0.71,1.065
NET BRAZIL(D376),36,2017/04,BRAZIL,5,DCC CSS-CC,12,CALA,4,NET V1.0.6 - Scoping Quad/Omni,207,0,Completed,1,0,1.42,2.84,2.13
NET BRAZIL(D376),36,2017/05,BRAZIL,5,DCC CSS-CC,12,CALA,4,NET V1.0.6 - Scoping Quad/Omni,207,0,Completed,1,0,1.42,1.42,1.42
NET BRAZIL(D376),36,2017/03,INDIA,18,DCC CSS-CC,12,CALA,4,NET V1.0.6 - Scoping Quad/Omni,207,0,Completed,1,0,0,0,0
NET BRAZIL(D376),36,2017/04,INDIA,18,DCC CSS-CC,12,CALA,4,NET V1.0.3,202,0,Completed,1,0,0,0,0
NET BRAZIL(D376),36,2017/04,INDIA,18,DCC CSS-CC,12,CALA,4,NET V1.0.6 - Scoping Quad/Omni,207,0,Completed,1,0,0,0,0
NET BRAZIL(D376),36,2017/05,INDIA,18,DCC CSS-CC,12,CALA,4,NET V1.0.6 - Scoping Quad/Omni,207,0,Completed,1,0,0,0,0
NET BRAZIL(D376),36,2017/03,ISRAEL,21,DCC CSS-CC,12,CALA,4,TCO,322,0,Completed,1,0,0.79,0.79,0.79
NET BRAZIL(D376),36,2017/03,ISRAEL,21,DCC CSS-CC,12,CALA,4,NET V1.0.6 - Scoping Quad/Omni,207,0,Completed,1,0,0.58,0.29,0.435
NET BRAZIL(D376),36,2017/04,ISRAEL,21,DCC CSS-CC,12,CALA,4,NET V1.0.6 - Scoping Quad/Omni,207,0,Completed,1,0,0.58,1.16,0.87
NET BRAZIL(D376),36,2017/05,ISRAEL,21,DCC CSS-CC,12,CALA,4,NET V1.0.6 - Scoping Quad/Omni,207,0,Completed,1,0,0.58,0.58,0.58
NET BRAZIL(D376),36,2017/03,BRAZIL,5,DCC OM - CC,15,CALA,4,TCO,322,0,Completed,1,0,1.58,1.58,1.58
NET BRAZIL(D376),36,2017/03,BRAZIL,5,DCC OM - CC,15,CALA,4,NET V1.0.6 - Scoping Quad/Omni,207,0,Completed,1,0,2.13,1.42,1.775
NET BRAZIL(D376),36,2017/04,BRAZIL,5,DCC OM - CC,15,CALA,4,TCO,322,0,Completed,1,0,0.79,0.79,0.79
NET BRAZIL(D376),36,2017/04,BRAZIL,5,DCC OM - CC,15,CALA,4,NET V1.0.6 - Scoping Quad/Omni,207,0,Completed,1,0,1.42,2.84,2.13
NET BRAZIL(D376),36,2017/05,BRAZIL,5,DCC OM - CC,15,CALA,4,TCO,322,0,Completed,1,0,0.79,0.79,0.79
NET BRAZIL(D376),36,2017/05,BRAZIL,5,DCC OM - CC,15,CALA,4,NET V1.0.6 - Scoping Quad/Omni,207,0,Completed,1,0,1.42,1.42,1.42
NET BRAZIL(D376),36,2017/06,BRAZIL,5,DCC OM - CC,15,CALA,4,TCO,322,0,Completed,1,0,0.79,0.79,0.79
NET BRAZIL(D376),36,2017/07,BRAZIL,5,DCC OM - CC,15,CALA,4,TCO,322,0,Completed,1,0,0.79,0.79,0.79
NET BRAZIL(D376),36,2017/08,BRAZIL,5,DCC OM - CC,15,CALA,4,TCO,322,0,Completed,1,0,0.79,0.79,0.79
NET BRAZIL(D376),36,2017/09,BRAZIL,5,DCC OM - CC,15,CALA,4,TCO,322,0,Completed,1,0,0.79,0.79,0.79
NET BRAZIL(D376),36,2017/10,BRAZIL,5,DCC OM - CC,15,CALA,4,TCO,322,0,Completed,1,0,0.79,0.79,0.79
NET BRAZIL(D376),36,2017/11,BRAZIL,5,DCC OM - CC,15,CALA,4,TCO,322,0,Completed,1,0,0.79,0.79,0.79
NET BRAZIL(D376),36,2017/12,BRAZIL,5,DCC OM - CC,15,CALA,4,TCO,322,0,Completed,1,0,0.79,0.79,0.79
NET BRAZIL(D376),36,2017/03,INDIA,18,DCC OM - CC,15,CALA,4,NET V1.0.6 - Scoping Quad/Omni,207,0,Completed,1,0,0,0,0
NET BRAZIL(D376),36,2017/04,INDIA,18,DCC OM - CC,15,CALA,4,NET V1.0.6 - Scoping Quad/Omni,207,0,Completed,1,0,0,0,0
NET BRAZIL(D376),36,2017/05,INDIA,18,DCC OM - CC,15,CALA,4,NET V1.0.6 - Scoping Quad/Omni,207,0,Completed,1,0,0,0,0
NET BRAZIL(D376),36,2017/03,ISRAEL,21,DCC OM - CC,15,CALA,4,TCO,322,0,Completed,1,0,0.42,0.42,0.42
NET BRAZIL(D376),36,2017/03,ISRAEL,21,DCC OM - CC,15,CALA,4,Base,32,0,Completed,1,0.25,0,0,0
NET BRAZIL(D376),36,2017/03,ISRAEL,21,DCC OM - CC,15,CALA,4,NET V1.0.6 - Scoping Quad/Omni,207,0,Completed,1,0,0.87,0.58,0.725
NET BRAZIL(D376),36,2017/04,ISRAEL,21,DCC OM - CC,15,CALA,4,TCO,322,0,Completed,1,0,0.21,0.21,0.21
NET BRAZIL(D376),36,2017/04,ISRAEL,21,DCC OM - CC,15,CALA,4,Base,32,0,Completed,1,0.2,0,0,0
NET BRAZIL(D376),36,2017/04,ISRAEL,21,DCC OM - CC,15,CALA,4,NET V1.0.6 - Scoping Quad/Omni,207,0,Completed,1,0,0.58,1.16,0.87
NET BRAZIL(D376),36,2017/05,ISRAEL,21,DCC OM - CC,15,CALA,4,TCO,322,0,Completed,1,0,0.21,0.21,0.21
NET BRAZIL(D376),36,2017/05,ISRAEL,21,DCC OM - CC,15,CALA,4,Base,32,0,Completed,1,0.18,0,0,0
NET BRAZIL(D376),36,2017/05,ISRAEL,21,DCC OM - CC,15,CALA,4,NET V1.0.6 - Scoping Quad/Omni,207,0,Completed,1,0,0.58,0.58,0.58
NET BRAZIL(D376),36,2017/06,ISRAEL,21,DCC OM - CC,15,CALA,4,TCO,322,0,Completed,1,0,0.21,0.21,0.21
NET BRAZIL(D376),36,2017/06,ISRAEL,21,DCC OM - CC,15,CALA,4,Base,32,0,Completed,1,0,0,0,0
NET BRAZIL(D376),36,2017/07,ISRAEL,21,DCC OM - CC,15,CALA,4,TCO,322,0,Completed,1,0,0.21,0.21,0.21
NET BRAZIL(D376),36,2017/08,ISRAEL,21,DCC OM - CC,15,CALA,4,TCO,322,0,Completed,1,0,0.21,0.21,0.21
NET BRAZIL(D376),36,2017/09,ISRAEL,21,DCC OM - CC,15,CALA,4,TCO,322,0,Completed,1,0,0.21,0.21,0.21
NET BRAZIL(D376),36,2017/10,ISRAEL,21,DCC OM - CC,15,CALA,4,TCO,322,0,Completed,1,0,0.21,0.21,0.21
NET BRAZIL(D376),36,2017/11,ISRAEL,21,DCC OM - CC,15,CALA,4,TCO,322,0,Completed,1,0,0.21,0.21,0.21
NET BRAZIL(D376),36,2017/12,ISRAEL,21,DCC OM - CC,15,CALA,4,TCO,322,0,Completed,1,0,0.21,0.21,0.21
NET BRAZIL(D376),36,2017/04,BRAZIL,5,DCC OSS-CC,16,CALA,4,NET V1.0.6 - Scoping Quad/Omni,207,0,Completed,1,0,0.71,0.71,0.71
NET BRAZIL(D376),36,2017/05,BRAZIL,5,DCC OSS-CC,16,CALA,4,NET V1.0.6 - Scoping Quad/Omni,207,0,Completed,1,0,0.71,0.71,0.71
NET BRAZIL(D376),36,2017/04,INDIA,18,DCC OSS-CC,16,CALA,4,NET V1.0.6 - Scoping Quad/Omni,207,0,Completed,1,0,0,0,0
NET BRAZIL(D376),36,2017/05,INDIA,18,DCC OSS-CC,16,CALA,4,NET V1.0.6 - Scoping Quad/Omni,207,0,Completed,1,0,0,0,0
NET BRAZIL(D376),36,2017/04,ISRAEL,21,DCC OSS-CC,16,CALA,4,NET V1.0.6 - Scoping Quad/Omni,207,0,Completed,1,0,0.29,0.29,0.29
NET BRAZIL(D376),36,2017/05,ISRAEL,21,DCC OSS-CC,16,CALA,4,NET V1.0.6 - Scoping Quad/Omni,207,0,Completed,1,0,0.29,0.29,0.29
NET BRAZIL(D376),36,2017/03,BRAZIL,5,DCC RM-CC,18,CALA,4,NET V1.0.3,202,0,Completed,1,0,0,4,2
NET BRAZIL(D376),36,2017/03,BRAZIL,5,DCC RM-CC,18,CALA,4,TCO,322,0,Completed,1,0,5.93,5.93,5.93
NET BRAZIL(D376),36,2017/03,BRAZIL,5,DCC RM-CC,18,CALA,4,NET V1.0.6 - Scoping Quad/Omni,207,0,Completed,1,0,0.92,0.71,0.815
NET BRAZIL(D376),36,2017/04,BRAZIL,5,DCC RM-CC,18,CALA,4,NET V1.0.3,202,0,Completed,1,0,0,0,0
NET BRAZIL(D376),36,2017/04,BRAZIL,5,DCC RM-CC,18,CALA,4,TCO,322,0,Completed,1,0,0.79,0.79,0.79
NET BRAZIL(D376),36,2017/04,BRAZIL,5,DCC RM-CC,18,CALA,4,NET V1.0.6 - Scoping Quad/Omni,207,0,Completed,1,0,1.77,0.71,1.24
NET BRAZIL(D376),36,2017/03,INDIA,18,DCC RM-CC,18,CALA,4,NET V1.0.6 - Scoping Quad/Omni,207,0,Completed,1,0,0,0,0
NET BRAZIL(D376),36,2017/04,INDIA,18,DCC RM-CC,18,CALA,4,NET V1.0.6 - Scoping Quad/Omni,207,0,Completed,1,0,0,0,0
NET BRAZIL(D376),36,2017/03,ISRAEL,21,DCC RM-CC,18,CALA,4,TCO,322,0,Completed,1,0,1.57,1.57,1.57
NET BRAZIL(D376),36,2017/03,ISRAEL,21,DCC RM-CC,18,CALA,4,NET V1.0.6 - Scoping Quad/Omni,207,0,Completed,1,0,0.38,0.29,0.335
NET BRAZIL(D376),36,2017/04,ISRAEL,21,DCC RM-CC,18,CALA,4,TCO,322,0,Completed,1,0,0.21,0.21,0.21
NET BRAZIL(D376),36,2017/04,ISRAEL,21,DCC RM-CC,18,CALA,4,NET V1.0.6 - Scoping Quad/Omni,207,0,Completed,1,0,0.73,0.29,0.51
NET BRAZIL(D376),36,2017/03,BRAZIL,5,Program MNG CC,21,CALA,4,TCO,322,0,Completed,1,0,1.27,0,0.635
NET BRAZIL(D376),36,2017/04,BRAZIL,5,Program MNG CC,21,CALA,4,TCO,322,0,Completed,1,0,2.45,0,1.225
NET BRAZIL(D376),36,2017/05,BRAZIL,5,Program MNG CC,21,CALA,4,TCO,322,0,Completed,1,0,2.45,0,1.225
NET BRAZIL(D376),36,2017/06,BRAZIL,5,Program MNG CC,21,CALA,4,TCO,322,0,Completed,1,0,2.45,0,1.225
NET BRAZIL(D376),36,2017/07,BRAZIL,5,Program MNG CC,21,CALA,4,TCO,322,0,Completed,1,0,2.45,0,1.225
NET BRAZIL(D376),36,2017/08,BRAZIL,5,Program MNG CC,21,CALA,4,TCO,322,0,Completed,1,0,2.45,0,1.225
NET BRAZIL(D376),36,2017/09,BRAZIL,5,Program MNG CC,21,CALA,4,TCO,322,0,Completed,1,0,2.45,0,1.225
NET BRAZIL(D376),36,2017/10,BRAZIL,5,Program MNG CC,21,CALA,4,TCO,322,0,Completed,1,0,2.45,0,1.225
NET BRAZIL(D376),36,2017/11,BRAZIL,5,Program MNG CC,21,CALA,4,TCO,322,0,Completed,1,0,2.45,0,1.225
NET BRAZIL(D376),36,2017/12,BRAZIL,5,Program MNG CC,21,CALA,4,TCO,322,0,Completed,1,0,2.45,0,1.225
NET BRAZIL(D376),36,2017/03,ISRAEL,21,Program MNG CC,21,CALA,4,TCO,322,0,Completed,1,0,0.33,0,0.165
NET BRAZIL(D376),36,2017/04,ISRAEL,21,Program MNG CC,21,CALA,4,TCO,322,0,Completed,1,0,0.65,0,0.325
NET BRAZIL(D376),36,2017/05,ISRAEL,21,Program MNG CC,21,CALA,4,TCO,322,0,Completed,1,0,0.65,0,0.325
NET BRAZIL(D376),36,2017/06,ISRAEL,21,Program MNG CC,21,CALA,4,TCO,322,0,Completed,1,0,0.65,0,0.325
NET BRAZIL(D376),36,2017/07,ISRAEL,21,Program MNG CC,21,CALA,4,TCO,322,0,Completed,1,0,0.65,0,0.325
NET BRAZIL(D376),36,2017/08,ISRAEL,21,Program MNG CC,21,CALA,4,TCO,322,0,Completed,1,0,0.65,0,0.325
NET BRAZIL(D376),36,2017/09,ISRAEL,21,Program MNG CC,21,CALA,4,TCO,322,0,Completed,1,0,0.65,0,0.325
NET BRAZIL(D376),36,2017/10,ISRAEL,21,Program MNG CC,21,CALA,4,TCO,322,0,Completed,1,0,0.65,0,0.325
NET BRAZIL(D376),36,2017/11,ISRAEL,21,Program MNG CC,21,CALA,4,TCO,322,0,Completed,1,0,0.65,0,0.325
NET BRAZIL(D376),36,2017/12,ISRAEL,21,Program MNG CC,21,CALA,4,TCO,322,0,Completed,1,0,0.65,0,0.325
TELEFONICA ARGENTINA(G832),50,2017/03,BRAZIL,5,DCC BC&S-CC,10,CALA,4,AM CRs,13,0,Completed,1,0,0.17,0,0.085
TELEFONICA ARGENTINA(G832),50,2017/04,BRAZIL,5,DCC BC&S-CC,10,CALA,4,AM CRs,13,0,Completed,1,0,0.17,0,0.085
TELEFONICA ARGENTINA(G832),50,2017/05,BRAZIL,5,DCC BC&S-CC,10,CALA,4,AM CRs,13,0,Completed,1,0,0.17,0,0.085
TELEFONICA ARGENTINA(G832),50,2017/06,BRAZIL,5,DCC BC&S-CC,10,CALA,4,AM CRs,13,0,Completed,1,0,0.17,0,0.085
TELEFONICA ARGENTINA(G832),50,2017/03,INDIA,18,DCC BC&S-CC,10,CALA,4,AM CRs,13,0,Completed,1,0,1.17,0,0.585
TELEFONICA ARGENTINA(G832),50,2017/04,INDIA,18,DCC BC&S-CC,10,CALA,4,AM CRs,13,0,Completed,1,0,1.17,0,0.585
TELEFONICA ARGENTINA(G832),50,2017/05,INDIA,18,DCC BC&S-CC,10,CALA,4,AM CRs,13,0,Completed,1,0,1.17,0,0.585
TELEFONICA ARGENTINA(G832),50,2017/06,INDIA,18,DCC BC&S-CC,10,CALA,4,AM CRs,13,0,Completed,1,0,1.17,0,0.585
TELEFONICA ARGENTINA(G832),50,2017/03,ISRAEL,21,DCC BC&S-CC,10,CALA,4,AM CRs,13,0,Completed,1,0,0.67,0,0.335
TELEFONICA ARGENTINA(G832),50,2017/04,ISRAEL,21,DCC BC&S-CC,10,CALA,4,AM CRs,13,0,Completed,1,0,0.67,0,0.335
TELEFONICA ARGENTINA(G832),50,2017/05,ISRAEL,21,DCC BC&S-CC,10,CALA,4,AM CRs,13,0,Completed,1,0,0.67,0,0.335
TELEFONICA ARGENTINA(G832),50,2017/06,ISRAEL,21,DCC BC&S-CC,10,CALA,4,AM CRs,13,0,Completed,1,0,0.67,0,0.335
TELEFONICA ARGENTINA(G832),50,2017/04,ISRAEL,21,DCC RM-CC,18,CALA,4,AM CRs,13,0,Completed,1,0,0,0,0
TELKOM SA(116),53,2017/03,INDIA,18,CSU EMEA,6,EMEA,6,WP2 (Greenfield),373,0,Completed,1,5.3,3.38,0,1.69
TELKOM SA(116),53,2017/03,INDIA,18,CSU EMEA,6,EMEA,6,TIS +PMO,330,0,Completed,1,0,7,13,10
TELKOM SA(116),53,2017/04,INDIA,18,CSU EMEA,6,EMEA,6,WP2 (Greenfield),373,0,Completed,1,0,1.93,2.58,2.255
TELKOM SA(116),53,2017/05,INDIA,18,CSU EMEA,6,EMEA,6,WP2 (Greenfield),373,0,Completed,1,0,1.03,2.58,1.805
TELKOM SA(116),53,2017/06,INDIA,18,CSU EMEA,6,EMEA,6,WP2 (Greenfield),373,0,Completed,1,0,0.52,2.58,1.55
TELKOM SA(116),53,2017/07,INDIA,18,CSU EMEA,6,EMEA,6,WP2 (Greenfield),373,0,Completed,1,0,0.52,2.58,1.55
TELKOM SA(116),53,2017/08,INDIA,18,CSU EMEA,6,EMEA,6,WP2 (Greenfield),373,0,Completed,1,0,0.52,2.58,1.55
TELKOM SA(116),53,2017/09,INDIA,18,CSU EMEA,6,EMEA,6,WP2 (Greenfield),373,0,Completed,1,0,0.52,2.58,1.55
TELKOM SA(116),53,2017/10,INDIA,18,CSU EMEA,6,EMEA,6,WP2 (Greenfield),373,0,Completed,1,0,0,2.58,1.29
TELKOM SA(116),53,2017/11,INDIA,18,CSU EMEA,6,EMEA,6,WP2 (Greenfield),373,0,Completed,1,0,0,2.58,1.29
TELKOM SA(116),53,2017/12,INDIA,18,CSU EMEA,6,EMEA,6,WP2 (Greenfield),373,0,Completed,1,0,0,2.58,1.29
TELKOM SA(116),53,2017/03,ISRAEL,21,CSU EMEA,6,EMEA,6,WP2 (Greenfield),373,0,Completed,1,7.26,9.62,0,4.81
TELKOM SA(116),53,2017/04,ISRAEL,21,CSU EMEA,6,EMEA,6,WP2 (Greenfield),373,0,Completed,1,0,5.57,7.42,6.495
TELKOM SA(116),53,2017/05,ISRAEL,21,CSU EMEA,6,EMEA,6,WP2 (Greenfield),373,0,Completed,1,0,2.97,7.42,5.195
TELKOM SA(116),53,2017/06,ISRAEL,21,CSU EMEA,6,EMEA,6,WP2 (Greenfield),373,0,Completed,1,0,1.48,7.42,4.45
TELKOM SA(116),53,2017/07,ISRAEL,21,CSU EMEA,6,EMEA,6,WP2 (Greenfield),373,0,Completed,1,0,1.48,7.42,4.45
TELKOM SA(116),53,2017/08,ISRAEL,21,CSU EMEA,6,EMEA,6,WP2 (Greenfield),373,0,Completed,1,0,1.48,7.42,4.45
TELKOM SA(116),53,2017/09,ISRAEL,21,CSU EMEA,6,EMEA,6,WP2 (Greenfield),373,0,Completed,1,0,1.48,7.42,4.45
TELKOM SA(116),53,2017/10,ISRAEL,21,CSU EMEA,6,EMEA,6,WP2 (Greenfield),373,0,Completed,1,0,0,7.42,3.71
TELKOM SA(116),53,2017/11,ISRAEL,21,CSU EMEA,6,EMEA,6,WP2 (Greenfield),373,0,Completed,1,0,0,7.42,3.71
TELKOM SA(116),53,2017/12,ISRAEL,21,CSU EMEA,6,EMEA,6,WP2 (Greenfield),373,0,Completed,1,0,0,7.42,3.71
TELKOM SA(116),53,2017/03,SOUTH AFRICA,35,CSU EMEA,6,EMEA,6,WP2 (Greenfield),373,0,Completed,1,1,0,0,0
TELKOM SA(116),53,2017/03,SOUTH AFRICA,35,CSU EMEA,6,EMEA,6,TIS +PMO,330,0,Completed,1,0.5,0,0,0
TELKOM SA(116),53,2017/04,SOUTH AFRICA,35,CSU EMEA,6,EMEA,6,WP2 (Greenfield),373,0,Completed,1,0,0,0,0
TELKOM SA(116),53,2017/04,SOUTH AFRICA,35,CSU EMEA,6,EMEA,6,TIS +PMO,330,0,Completed,1,0.5,0,0,0
TELKOM SA(116),53,2017/05,SOUTH AFRICA,35,CSU EMEA,6,EMEA,6,WP2 (Greenfield),373,0,Completed,1,0,0,0,0
TELKOM SA(116),53,2017/03,INDIA,18,DCC BC&S-CC,10,EMEA,6,Drop 2,103,0,Completed,1,3,1.97,0,0.985
TELKOM SA(116),53,2017/03,INDIA,18,DCC BC&S-CC,10,EMEA,6,MCSS,161,0,Completed,1,0,0.57,0,0.285
TELKOM SA(116),53,2017/04,INDIA,18,DCC BC&S-CC,10,EMEA,6,Drop 2,103,0,Completed,1,0,0,0,0
TELKOM SA(116),53,2017/04,INDIA,18,DCC BC&S-CC,10,EMEA,6,MCSS,161,0,Completed,1,0,0.28,0,0.14
TELKOM SA(116),53,2017/05,INDIA,18,DCC BC&S-CC,10,EMEA,6,Drop 2,103,0,Completed,1,0,0,0,0
TELKOM SA(116),53,2017/07,INDIA,18,DCC BC&S-CC,10,EMEA,6,Drop 2,103,0,Completed,1,0,0,0,0
TELKOM SA(116),53,2017/03,ISRAEL,21,DCC BC&S-CC,10,EMEA,6,Drop 2,103,0,Completed,1,1.71,3.03,0,1.515
TELKOM SA(116),53,2017/03,ISRAEL,21,DCC BC&S-CC,10,EMEA,6,MCSS,161,0,Completed,1,0,1.43,0,0.715
TELKOM SA(116),53,2017/04,ISRAEL,21,DCC BC&S-CC,10,EMEA,6,Drop 2,103,0,Completed,1,0,0,0,0
TELKOM SA(116),53,2017/04,ISRAEL,21,DCC BC&S-CC,10,EMEA,6,MCSS,161,0,Completed,1,0,0.72,0,0.36
TELKOM SA(116),53,2017/07,ISRAEL,21,DCC BC&S-CC,10,EMEA,6,Drop 2,103,0,Completed,1,0,0,0,0
TELKOM SA(116),53,2017/03,INDIA,18,DCC CSS-CC,12,EMEA,6,MCSS,161,0,Completed,1,0,0.28,0,0.14
TELKOM SA(116),53,2017/04,INDIA,18,DCC CSS-CC,12,EMEA,6,MCSS,161,0,Completed,1,0,0.14,0,0.07
TELKOM SA(116),53,2017/03,ISRAEL,21,DCC CSS-CC,12,EMEA,6,MCSS,161,0,Completed,1,0,0.72,0,0.36
TELKOM SA(116),53,2017/04,ISRAEL,21,DCC CSS-CC,12,EMEA,6,MCSS,161,0,Completed,1,0,0.36,0,0.18
TELKOM SA(116),53,2017/03,INDIA,18,DCC EDIT-CC,14,EMEA,6,MCSS,161,0,Completed,1,0,0.85,0,0.425
TELKOM SA(116),53,2017/03,ISRAEL,21,DCC EDIT-CC,14,EMEA,6,MCSS,161,0,Completed,1,0,2.15,0,1.075
TELKOM SA(116),53,2017/03,INDIA,18,DCC OM - CC,15,EMEA,6,MCSS,161,0,Completed,1,0,0.44,0,0.22
TELKOM SA(116),53,2017/04,INDIA,18,DCC OM - CC,15,EMEA,6,MCSS,161,0,Completed,1,0,0.3,0,0.15
TELKOM SA(116),53,2017/03,ISRAEL,21,DCC OM - CC,15,EMEA,6,MCSS,161,0,Completed,1,0,1.06,0,0.53
TELKOM SA(116),53,2017/04,ISRAEL,21,DCC OM - CC,15,EMEA,6,MCSS,161,0,Completed,1,0,0.7,0,0.35
TELKOM SA(116),53,2017/03,INDIA,18,DCC OSS-CC,16,EMEA,6,WP2 (Greenfield),373,0,Completed,1,0.11,0,0,0
TELKOM SA(116),53,2017/04,INDIA,18,DCC OSS-CC,16,EMEA,6,WP2 (Greenfield),373,0,Completed,1,0,0,0,0
TELKOM SA(116),53,2017/05,INDIA,18,DCC OSS-CC,16,EMEA,6,WP2 (Greenfield),373,0,Completed,1,0,0,0,0
TELKOM SA(116),53,2017/03,CYPRUS,11,DCC RM-CC,18,EMEA,6,MGS FY17,175,0,Completed,1,0,1,0,0.5
PROXIMUS(126),41,2017/03,INDIA,18,DCC OM - CC,15,EMEA,6,1702,1,0,Completed,1,0.28,0,0,0
PROXIMUS(126),41,2017/04,INDIA,18,DCC OM - CC,15,EMEA,6,1702,1,0,Completed,1,0.5,0,0,0
PROXIMUS(126),41,2017/05,INDIA,18,DCC OM - CC,15,EMEA,6,1702,1,0,Completed,1,0.2,0,0,0
PROXIMUS(126),41,2017/06,INDIA,18,DCC OM - CC,15,EMEA,6,1702,1,0,Completed,1,0,0,0,0
PROXIMUS(126),41,2017/03,ISRAEL,21,DCC OM - CC,15,EMEA,6,1702,1,0,Completed,1,0.55,0,0,0
PROXIMUS(126),41,2017/04,ISRAEL,21,DCC OM - CC,15,EMEA,6,1702,1,0,Completed,1,0.1,0,0,0
PROXIMUS(126),41,2017/05,ISRAEL,21,DCC OM - CC,15,EMEA,6,1702,1,0,Completed,1,0.06,0,0,0
PROXIMUS(126),41,2017/06,ISRAEL,21,DCC OM - CC,15,EMEA,6,1702,1,0,Completed,1,0,0,0,0
MOBILTEL(C114),35,2017/03,ISRAEL,21,CSU EMEA,6,EMEA,6,Release 6.9,298,0,Completed,1,0,1.2,0,0.6
MOBILTEL(C114),35,2017/04,ISRAEL,21,CSU EMEA,6,EMEA,6,Release 6.9,298,0,Completed,1,0,1.2,0,0.6
MOBILTEL(C114),35,2017/05,ISRAEL,21,CSU EMEA,6,EMEA,6,Release 6.9,298,0,Completed,1,0,0.75,0,0.375
MOBILTEL(C114),35,2017/03,BULGARIA,6,DCC OM - CC,15,EMEA,6,Release 6.9,298,0,Completed,1,1.45,4,4,4
MOBILTEL(C114),35,2017/04,BULGARIA,6,DCC OM - CC,15,EMEA,6,Release 6.9,298,0,Completed,1,0,4,4,4
MOBILTEL(C114),35,2017/05,BULGARIA,6,DCC OM - CC,15,EMEA,6,Release 6.9,298,0,Completed,1,0.25,0,0,0
MOBILTEL(C114),35,2017/06,BULGARIA,6,DCC OM - CC,15,EMEA,6,Release 6.9,298,0,Completed,1,0.36,0,0,0
MOBILTEL(C114),35,2017/07,BULGARIA,6,DCC OM - CC,15,EMEA,6,Release 6.9,298,0,Completed,1,0,0,0,0
MOBILTEL(C114),35,2017/03,CYPRUS,11,DCC OM - CC,15,EMEA,6,Release 6.9,298,0,Completed,1,3.97,0,0,0
MOBILTEL(C114),35,2017/04,CYPRUS,11,DCC OM - CC,15,EMEA,6,Release 6.9,298,0,Completed,1,0.6,0,0,0
MOBILTEL(C114),35,2017/05,CYPRUS,11,DCC OM - CC,15,EMEA,6,Release 6.9,298,0,Completed,1,0,0,0,0
MOBILTEL(C114),35,2017/06,CYPRUS,11,DCC OM - CC,15,EMEA,6,Release 6.9,298,0,Completed,1,1,0,0,0
MOBILTEL(C114),35,2017/07,CYPRUS,11,DCC OM - CC,15,EMEA,6,Release 6.9,298,0,Completed,1,1,0,0,0
MOBILTEL(C114),35,2017/09,CYPRUS,11,DCC OM - CC,15,EMEA,6,Release 6.9,298,0,Completed,1,0,0,0,0
MOBILTEL(C114),35,2017/03,ISRAEL,21,DCC OM - CC,15,EMEA,6,Release 6.9,298,0,Completed,1,1.9,0,0,0
MOBILTEL(C114),35,2017/04,ISRAEL,21,DCC OM - CC,15,EMEA,6,Release 6.9,298,0,Completed,1,0,0,0,0
MOBILTEL(C114),35,2017/05,ISRAEL,21,DCC OM - CC,15,EMEA,6,Release 6.9,298,0,Completed,1,1,0,0,0
MOBILTEL(C114),35,2017/06,ISRAEL,21,DCC OM - CC,15,EMEA,6,Release 6.9,298,0,Completed,1,1,0,0,0
MOBILTEL(C114),35,2017/07,ISRAEL,21,DCC OM - CC,15,EMEA,6,Release 6.9,298,0,Completed,1,1,0,0,0
MOBILTEL(C114),35,2017/08,ISRAEL,21,DCC OM - CC,15,EMEA,6,Release 6.9,298,0,Completed,1,0,0,0,0
MOBILTEL(C114),35,2017/09,ISRAEL,21,DCC OM - CC,15,EMEA,6,Release 6.9,298,0,Completed,1,0,0,0,0
MOBILTEL(C114),35,2017/05,BULGARIA,6,Program MNG CC,21,EMEA,6,Release 6.9,298,0,Completed,1,0,0.15,0,0.075
EVERYTHING-EVERYWHERE(F288),23,2017/03,INDIA,18,CSU EMEA,6,EMEA,6,Excalibur/AIM CSU Release FY17,117,0,Completed,1,0,2,22.2,12.1
EVERYTHING-EVERYWHERE(F288),23,2017/03,INDIA,18,CSU EMEA,6,EMEA,6,Excalibur 16.4,113,0,Completed,1,0,0,0,0
EVERYTHING-EVERYWHERE(F288),23,2017/04,INDIA,18,CSU EMEA,6,EMEA,6,Excalibur/AIM CSU Release FY17,117,0,Completed,1,0,2,0,1
EVERYTHING-EVERYWHERE(F288),23,2017/04,INDIA,18,CSU EMEA,6,EMEA,6,Excalibur 16.4,113,0,Completed,1,0,0,0,0
EVERYTHING-EVERYWHERE(F288),23,2017/05,INDIA,18,CSU EMEA,6,EMEA,6,Excalibur/AIM CSU Release FY17,117,0,Completed,1,0,2,0,1
EVERYTHING-EVERYWHERE(F288),23,2017/05,INDIA,18,CSU EMEA,6,EMEA,6,Excalibur 17.2,115,0,Completed,1,0.5,0,0,0
EVERYTHING-EVERYWHERE(F288),23,2017/06,INDIA,18,CSU EMEA,6,EMEA,6,Excalibur/AIM CSU Release FY17,117,0,Completed,1,0,2,0,1
EVERYTHING-EVERYWHERE(F288),23,2017/06,INDIA,18,CSU EMEA,6,EMEA,6,Excalibur 17.2,115,0,Completed,1,2.59,0,0,0
EVERYTHING-EVERYWHERE(F288),23,2017/07,INDIA,18,CSU EMEA,6,EMEA,6,Excalibur/AIM CSU Release FY17,117,0,Completed,1,0,2,0,1
EVERYTHING-EVERYWHERE(F288),23,2017/07,INDIA,18,CSU EMEA,6,EMEA,6,Excalibur 17.2,115,0,Completed,1,2.58,0,0,0
EVERYTHING-EVERYWHERE(F288),23,2017/08,INDIA,18,CSU EMEA,6,EMEA,6,Excalibur/AIM CSU Release FY17,117,0,Completed,1,0,2,0,1
EVERYTHING-EVERYWHERE(F288),23,2017/08,INDIA,18,CSU EMEA,6,EMEA,6,Excalibur 17.2,115,0,Completed,1,1.63,0,0,0
EVERYTHING-EVERYWHERE(F288),23,2017/09,INDIA,18,CSU EMEA,6,EMEA,6,Excalibur/AIM CSU Release FY17,117,0,Completed,1,0,2,0,1
EVERYTHING-EVERYWHERE(F288),23,2017/09,INDIA,18,CSU EMEA,6,EMEA,6,Excalibur 17.2,115,0,Completed,1,1.86,0,0,0
EVERYTHING-EVERYWHERE(F288),23,2017/04,ISRAEL,21,CSU EMEA,6,EMEA,6,Excalibur 17.2,115,0,Completed,1,0.7,0,0,0
EVERYTHING-EVERYWHERE(F288),23,2017/05,ISRAEL,21,CSU EMEA,6,EMEA,6,Excalibur 17.2,115,0,Completed,1,0.7,0,0,0
EVERYTHING-EVERYWHERE(F288),23,2017/06,ISRAEL,21,CSU EMEA,6,EMEA,6,Excalibur 17.2,115,0,Completed,1,0.7,0,0,0
EVERYTHING-EVERYWHERE(F288),23,2017/07,ISRAEL,21,CSU EMEA,6,EMEA,6,Excalibur 17.2,115,0,Completed,1,0.7,0,0,0
EVERYTHING-EVERYWHERE(F288),23,2017/08,ISRAEL,21,CSU EMEA,6,EMEA,6,Excalibur 17.2,115,0,Completed,1,0.7,0,0,0
EVERYTHING-EVERYWHERE(F288),23,2017/09,ISRAEL,21,CSU EMEA,6,EMEA,6,Excalibur 17.2,115,0,Completed,1,0.7,0,0,0
EVERYTHING-EVERYWHERE(F288),23,2017/03,INDIA,18,CSU EMEA,6,EMEA,6,AIM 17.1,12,0,Completed,1,0.5,0,0,0
EVERYTHING-EVERYWHERE(F288),23,2017/03,INDIA,18,CSU EMEA,6,EMEA,6,Excalibur 17.1,114,0,Completed,1,2,0,0,0
EVERYTHING-EVERYWHERE(F288),23,2017/04,INDIA,18,CSU EMEA,6,EMEA,6,AIM 17.1,12,0,Completed,1,0.5,0,18,9
EVERYTHING-EVERYWHERE(F288),23,2017/04,INDIA,18,CSU EMEA,6,EMEA,6,Excalibur 17.1,114,0,Completed,1,2,0,0,0
EVERYTHING-EVERYWHERE(F288),23,2017/05,INDIA,18,CSU EMEA,6,EMEA,6,AIM 17.1,12,0,Completed,1,1,0,18.9,9.45
EVERYTHING-EVERYWHERE(F288),23,2017/05,INDIA,18,CSU EMEA,6,EMEA,6,Excalibur 17.1,114,0,Completed,1,1,0,0,0
EVERYTHING-EVERYWHERE(F288),23,2017/06,INDIA,18,CSU EMEA,6,EMEA,6,AIM 17.1,12,0,Completed,1,0,0,18.9,9.45
EVERYTHING-EVERYWHERE(F288),23,2017/07,INDIA,18,CSU EMEA,6,EMEA,6,AIM 17.1,12,0,Completed,1,0,0,18.9,9.45
EVERYTHING-EVERYWHERE(F288),23,2017/08,INDIA,18,CSU EMEA,6,EMEA,6,AIM 17.1,12,0,Completed,1,0,0,18.9,9.45
EVERYTHING-EVERYWHERE(F288),23,2017/09,INDIA,18,CSU EMEA,6,EMEA,6,AIM 17.1,12,0,Completed,1,0,0,18.9,9.45
EVERYTHING-EVERYWHERE(F288),23,2017/10,INDIA,18,CSU EMEA,6,EMEA,6,AIM 17.1,12,0,Completed,1,0,0,18.9,9.45
EVERYTHING-EVERYWHERE(F288),23,2017/11,INDIA,18,CSU EMEA,6,EMEA,6,AIM 17.1,12,0,Completed,1,0,0,18.9,9.45
EVERYTHING-EVERYWHERE(F288),23,2017/12,INDIA,18,CSU EMEA,6,EMEA,6,AIM 17.1,12,0,Completed,1,0,0,18.9,9.45
EVERYTHING-EVERYWHERE(F288),23,2017/03,ISRAEL,21,CSU EMEA,6,EMEA,6,AIM 17.1,12,0,Completed,1,0.7,0,0,0
EVERYTHING-EVERYWHERE(F288),23,2017/04,ISRAEL,21,CSU EMEA,6,EMEA,6,AIM 17.1,12,0,Completed,1,0,0,2,1
EVERYTHING-EVERYWHERE(F288),23,2017/05,ISRAEL,21,CSU EMEA,6,EMEA,6,AIM 17.1,12,0,Completed,1,0,0,2.1,1.05
EVERYTHING-EVERYWHERE(F288),23,2017/06,ISRAEL,21,CSU EMEA,6,EMEA,6,AIM 17.1,12,0,Completed,1,0,0,2.1,1.05
EVERYTHING-EVERYWHERE(F288),23,2017/07,ISRAEL,21,CSU EMEA,6,EMEA,6,AIM 17.1,12,0,Completed,1,0,0,2.1,1.05
EVERYTHING-EVERYWHERE(F288),23,2017/08,ISRAEL,21,CSU EMEA,6,EMEA,6,AIM 17.1,12,0,Completed,1,0,0,2.1,1.05
EVERYTHING-EVERYWHERE(F288),23,2017/09,ISRAEL,21,CSU EMEA,6,EMEA,6,AIM 17.1,12,0,Completed,1,0,0,2.1,1.05
EVERYTHING-EVERYWHERE(F288),23,2017/10,ISRAEL,21,CSU EMEA,6,EMEA,6,AIM 17.1,12,0,Completed,1,0,0,2.1,1.05
EVERYTHING-EVERYWHERE(F288),23,2017/11,ISRAEL,21,CSU EMEA,6,EMEA,6,AIM 17.1,12,0,Completed,1,0,0,2.1,1.05
EVERYTHING-EVERYWHERE(F288),23,2017/12,ISRAEL,21,CSU EMEA,6,EMEA,6,AIM 17.1,12,0,Completed,1,0,0,2.1,1.05
EVERYTHING-EVERYWHERE(F288),23,2017/04,INDIA,18,DCC BC&S-CC,10,EMEA,6,Excalibur 17.2,115,0,Completed,1,0.7,0,0,0
EVERYTHING-EVERYWHERE(F288),23,2017/05,INDIA,18,DCC BC&S-CC,10,EMEA,6,Excalibur 17.2,115,0,Completed,1,0,0,0,0
EVERYTHING-EVERYWHERE(F288),23,2017/03,INDIA,18,DCC BC&S-CC,10,EMEA,6,Excalibur 17.1,114,0,Completed,1,1.51,0,0,0
EVERYTHING-EVERYWHERE(F288),23,2017/04,INDIA,18,DCC BC&S-CC,10,EMEA,6,Excalibur 17.1,114,0,Completed,1,1.5,0,0,0
EVERYTHING-EVERYWHERE(F288),23,2017/05,INDIA,18,DCC BC&S-CC,10,EMEA,6,Excalibur 17.1,114,0,Completed,1,1.5,0,0,0
EVERYTHING-EVERYWHERE(F288),23,2017/03,ISRAEL,21,DCC BC&S-CC,10,EMEA,6,Excalibur 17.1,114,0,Completed,1,0.5,0,0,0
EVERYTHING-EVERYWHERE(F288),23,2017/04,ISRAEL,21,DCC BC&S-CC,10,EMEA,6,Excalibur 17.1,114,0,Completed,1,0.51,0,0,0
EVERYTHING-EVERYWHERE(F288),23,2017/05,ISRAEL,21,DCC BC&S-CC,10,EMEA,6,Excalibur 17.1,114,0,Completed,1,0,0,0,0
EVERYTHING-EVERYWHERE(F288),23,2017/03,CANADA,7,DCC EDIT-CC,14,EMEA,6,Excalibur 17.2,115,0,Completed,1,0,0,0,0
EVERYTHING-EVERYWHERE(F288),23,2017/03,INDIA,18,DCC EDIT-CC,14,EMEA,6,Excalibur 16.4,113,0,Completed,1,1.35,0,0,0
EVERYTHING-EVERYWHERE(F288),23,2017/03,INDIA,18,DCC EDIT-CC,14,EMEA,6,Excalibur 17.2,115,0,Completed,1,2.38,0,0,0
EVERYTHING-EVERYWHERE(F288),23,2017/04,INDIA,18,DCC EDIT-CC,14,EMEA,6,Excalibur 16.4,113,0,Completed,1,0,0,0,0
EVERYTHING-EVERYWHERE(F288),23,2017/04,INDIA,18,DCC EDIT-CC,14,EMEA,6,Excalibur 17.2,115,0,Completed,1,0.96,0,0,0
EVERYTHING-EVERYWHERE(F288),23,2017/05,INDIA,18,DCC EDIT-CC,14,EMEA,6,Excalibur 17.2,115,0,Completed,1,0,0,0,0
EVERYTHING-EVERYWHERE(F288),23,2017/06,INDIA,18,DCC EDIT-CC,14,EMEA,6,Excalibur 17.2,115,0,Completed,1,0,0,0,0
EVERYTHING-EVERYWHERE(F288),23,2017/03,RUSSIA,32,DCC EDIT-CC,14,EMEA,6,Excalibur 17.2,115,0,Completed,1,0,0,0,0
EVERYTHING-EVERYWHERE(F288),23,2017/03,CANADA,7,DCC EDIT-CC,14,EMEA,6,Excalibur 17.1,114,0,Completed,1,0.51,0,0,0
EVERYTHING-EVERYWHERE(F288),23,2017/04,CANADA,7,DCC EDIT-CC,14,EMEA,6,Excalibur 17.1,114,0,Completed,1,0.16,0,0,0
EVERYTHING-EVERYWHERE(F288),23,2017/05,CANADA,7,DCC EDIT-CC,14,EMEA,6,Excalibur 17.1,114,0,Completed,1,0,0,0,0
EVERYTHING-EVERYWHERE(F288),23,2017/03,INDIA,18,DCC EDIT-CC,14,EMEA,6,Excalibur 17.1,114,0,Completed,1,4.47,0,0,0
EVERYTHING-EVERYWHERE(F288),23,2017/04,INDIA,18,DCC EDIT-CC,14,EMEA,6,Excalibur 17.1,114,0,Completed,1,2.31,0,0,0
EVERYTHING-EVERYWHERE(F288),23,2017/05,INDIA,18,DCC EDIT-CC,14,EMEA,6,Excalibur 17.1,114,0,Completed,1,2.32,0,0,0
EVERYTHING-EVERYWHERE(F288),23,2017/06,INDIA,18,DCC EDIT-CC,14,EMEA,6,Excalibur 17.1,114,0,Completed,1,0.56,0,0,0
EVERYTHING-EVERYWHERE(F288),23,2017/07,INDIA,18,DCC EDIT-CC,14,EMEA,6,Excalibur 17.1,114,0,Completed,1,0,0,0,0
EVERYTHING-EVERYWHERE(F288),23,2017/03,RUSSIA,32,DCC EDIT-CC,14,EMEA,6,Excalibur 17.1,114,0,Completed,1,0,0,0,0
EVERYTHING-EVERYWHERE(F288),23,2017/03,INDIA,18,DCC RM-CC,18,EMEA,6,Excalibur 16.4,113,0,Completed,1,0.03,0,0,0
EVERYTHING-EVERYWHERE(F288),23,2017/03,INDIA,18,DCC RM-CC,18,EMEA,6,Excalibur 17.2,115,0,Completed,1,0.09,0,0,0
EVERYTHING-EVERYWHERE(F288),23,2017/04,INDIA,18,DCC RM-CC,18,EMEA,6,Excalibur 16.4,113,0,Completed,1,0,0,0,0
EVERYTHING-EVERYWHERE(F288),23,2017/04,INDIA,18,DCC RM-CC,18,EMEA,6,Excalibur 17.2,115,0,Completed,1,0,0,0,0
EVERYTHING-EVERYWHERE(F288),23,2017/03,INDIA,18,DCC RM-CC,18,EMEA,6,AIM 17.1,12,0,Completed,1,4.41,0,0,0
EVERYTHING-EVERYWHERE(F288),23,2017/03,INDIA,18,DCC RM-CC,18,EMEA,6,Excalibur 17.1,114,0,Completed,1,0.96,0,0,0
EVERYTHING-EVERYWHERE(F288),23,2017/04,INDIA,18,DCC RM-CC,18,EMEA,6,AIM 17.1,12,0,Completed,1,4.04,0,0,0
EVERYTHING-EVERYWHERE(F288),23,2017/04,INDIA,18,DCC RM-CC,18,EMEA,6,Excalibur 17.1,114,0,Completed,1,1,0,0,0
EVERYTHING-EVERYWHERE(F288),23,2017/05,INDIA,18,DCC RM-CC,18,EMEA,6,AIM 17.1,12,0,Completed,1,3,0,0,0
EVERYTHING-EVERYWHERE(F288),23,2017/05,INDIA,18,DCC RM-CC,18,EMEA,6,Excalibur 17.1,114,0,Completed,1,1,0,0,0
EVERYTHING-EVERYWHERE(F288),23,2017/06,INDIA,18,DCC RM-CC,18,EMEA,6,AIM 17.1,12,0,Completed,1,3,0,0,0
EVERYTHING-EVERYWHERE(F288),23,2017/06,INDIA,18,DCC RM-CC,18,EMEA,6,Excalibur 17.1,114,0,Completed,1,0.21,0,0,0
EVERYTHING-EVERYWHERE(F288),23,2017/07,INDIA,18,DCC RM-CC,18,EMEA,6,AIM 17.1,12,0,Completed,1,1.82,0,0,0
EVERYTHING-EVERYWHERE(F288),23,2017/07,INDIA,18,DCC RM-CC,18,EMEA,6,Excalibur 17.1,114,0,Completed,1,0,0,0,0
EVERYTHING-EVERYWHERE(F288),23,2017/08,INDIA,18,DCC RM-CC,18,EMEA,6,AIM 17.1,12,0,Completed,1,1.22,0,0,0
EVERYTHING-EVERYWHERE(F288),23,2017/09,INDIA,18,DCC RM-CC,18,EMEA,6,AIM 17.1,12,0,Completed,1,2,0,0,0
EVERYTHING-EVERYWHERE(F288),23,2017/03,ISRAEL,21,DCC RM-CC,18,EMEA,6,AIM 17.1,12,0,Completed,1,1,0,0,0
BCAN-PROF. SERVICES(A89),13,2017/03,CANADA,7,CSU NAM,7,NAM,7,Conso R35,74,0,Completed,1,0,0,0,0
BCAN-PROF. SERVICES(A89),13,2017/03,ISRAEL,21,DCC RM-CC,18,NAM,7,NGCC R1,209,0,Completed,1,0,0,0,0
BCAN-PROF. SERVICES(A89),13,2017/03,ISRAEL,21,Program MNG CC,21,NAM,7,Conso R35,74,0,Completed,1,0,0,0,0
VODAFONE D2(75),67,2017/04,ISRAEL,21,DCC OSS-CC,16,Vodafone,9,ASSCI R2.6,27,0,Completed,1,0.35,0,0,0
VODAFONE D2(75),67,2017/05,ISRAEL,21,DCC OSS-CC,16,Vodafone,9,ASSCI R2.6,27,0,Completed,1,0.38,0,0,0
VODAFONE D2(75),67,2017/06,ISRAEL,21,DCC OSS-CC,16,Vodafone,9,ASSCI R2.6,27,0,Completed,1,0.5,0,0,0
VODAFONE D2(75),67,2017/03,UNITED KINGDOM,42,DCC OSS-CC,16,Vodafone,9,ASSCI R2.6,27,0,Completed,1,1,0,0,0
VODAFONE D2(75),67,2017/04,UNITED KINGDOM,42,DCC OSS-CC,16,Vodafone,9,ASSCI R2.6,27,0,Completed,1,1,0,0,0
VODAFONE D2(75),67,2017/05,UNITED KINGDOM,42,DCC OSS-CC,16,Vodafone,9,ASSCI R2.6,27,0,Completed,1,0.74,0,0,0
VODAFONE D2(75),67,2017/06,UNITED KINGDOM,42,DCC OSS-CC,16,Vodafone,9,ASSCI R2.6,27,0,Completed,1,0,0,0,0
